<TestSpecDepthMap>
  <FieldLens>1000e-3</FieldLens>
  <WaveLength>532e-9</WaveLength>
  <SLMpixelNumX>1920</SLMpixelNumX>
  <SLMpixelNumY>1080</SLMpixelNumY>
  <SLMpixelPitchX>4.3e-6</SLMpixelPitchX> 
  <SLMpixelPitchY>4.3e-6</SLMpixelPitchY>
  <NearOfDepth>200e-3</NearOfDepth>
  <FarOfDepth>700e-3</FarOfDepth>
  <FlagChangeDepthQuantization>1</FlagChangeDepthQuantization>
  <DefaultDepthQuantization>256</DefaultDepthQuantization>
  <NumberOfDepthQuantization>256</NumberOfDepthQuantization>
  <RenderDepth>1:256</RenderDepth>
  <RandomPahse>0</RandomPahse>
</TestSpecDepthMap>