<TestSpecWRP>
  <FieldLens>1000e-3</FieldLens>
  <ScalingXofPointCloud>0.0015</ScalingXofPointCloud>
  <ScalingYofPointCloud>0.0015</ScalingYofPointCloud>
  <ScalingZofPointCloud>0.0003</ScalingZofPointCloud>
  <SLMpixelPitchX>4.3e-6</SLMpixelPitchX>
  <SLMpixelPitchY>4.3e-6</SLMpixelPitchY>
  <SLMpixelNumX>1920</SLMpixelNumX>
  <SLMpixelNumY>1080</SLMpixelNumY>
  <Wavelength>532e-9</Wavelength>
  <NumberOfWRP>1</NumberOfWRP>
  <LocationOfWRP>0.0003</LocationOfWRP>
  <PropagationDistance>0.1</PropagationDistance>
</TestSpecWRP>