<TestSpecPointCloud>
  <FieldLens>1000e-3</FieldLens>
  <ScalingXofPointCloud>0.01</ScalingXofPointCloud>
  <ScalingYofPointCloud>0.01</ScalingYofPointCloud>
  <ScalingZofPointCloud>0.01</ScalingZofPointCloud>
  <OffsetInDepth>0.3</OffsetInDepth>
  <SLMpixelPitchX>4.3e-6</SLMpixelPitchX>
  <SLMpixelPitchY>4.3e-6</SLMpixelPitchY>
  <SLMpixelNumX>1920</SLMpixelNumX>
  <SLMpixelNumY>1080</SLMpixelNumY>
  <WavelengthofLaser>532e-9</WavelengthofLaser>
  <NumOfStream>0</NumOfStream>
</TestSpecPointCloud>