<TriMesh>
  <!-- About points -->
  <FieldLength>1000e-3</FieldLength> <!-- Double Type -->
  
  <ObjectSize>0.005</ObjectSize>
  <ObjectShiftX>0.0</ObjectShiftX>
  <ObjectShiftY>0.0</ObjectShiftY>
  <ObjectShiftZ>0.1</ObjectShiftZ>

  <LampDirectionX>0</LampDirectionX>
  <LampDirectionY>0.3</LampDirectionY>
  <LampDirectionZ>1</LampDirectionZ>
  
  <!-- H/W -->
  <SLM_PixelPitchX>4.3e-6</SLM_PixelPitchX> <!-- Double Type -->
  <SLM_PixelPitchY>4.3e-6</SLM_PixelPitchY> <!-- Double Type -->
  <SLM_PixelNumX>1920</SLM_PixelNumX> <!-- Integer Type -->
  <SLM_PixelNumY>1080</SLM_PixelNumY> <!-- Integer Type -->
  <SLM_WaveNum>1</SLM_WaveNum> <!-- Integer Type -->
  <SLM_WaveLength_1>532e-9</SLM_WaveLength_1> <!-- Double Type -->
  
  <!-- GPU -->
  <NumOfStream>0</NumOfStream>

</TriMesh>