<PointCloud>  
  <!-- About points -->
  <FieldLength>1000e-3</FieldLength> <!-- Double Type -->
  <ScaleX>0.01</ScaleX> <!-- Double Type -->
  <ScaleY>0.01</ScaleY> <!-- Double Type -->
  <ScaleZ>0.01</ScaleZ> <!-- Double Type -->

  <OffsetInDepth>0.1</OffsetInDepth> <!-- Double Type -->
  
  <!-- H/W -->
  <SLM_PixelPitchX>4.3e-6</SLM_PixelPitchX> <!-- Double Type -->
  <SLM_PixelPitchY>4.3e-6</SLM_PixelPitchY> <!-- Double Type -->
  <SLM_PixelNumX>1920</SLM_PixelNumX> <!-- Integer Type -->
  <SLM_PixelNumY>1080</SLM_PixelNumY> <!-- Integer Type -->
  <SLM_WaveNum>1</SLM_WaveNum> <!-- Integer Type -->
  <SLM_WaveLength_1>532e-9</SLM_WaveLength_1> <!-- Double Type -->
  
  <!-- GPU -->
  <NumOfStream>0</NumOfStream>
</PointCloud>