<testMeshXML>
  <FieldLens>1000e-3</FieldLens>
  <ObjectSize>0.005</ObjectSize>

  <ObjectShiftX>0.0</ObjectShiftX>
  <ObjectShiftY>0.0</ObjectShiftY>
  <ObjectShiftZ>0.1</ObjectShiftZ>

  <LampDirectionX>0</LampDirectionX>
  <LampDirectionY>0.3</LampDirectionY>
  <LampDirectionZ>1</LampDirectionZ>
  
  <SLMPixelNumX>1920</SLMPixelNumX>
  <SLMPixelNumY>1080</SLMPixelNumY>
  
  <SLMPixelPitchX>4.3e-6</SLMPixelPitchX>
  <SLMPixelPitchY>4.3e-6</SLMPixelPitchY>
  
  <WavelengthofLaser>532e-9</WavelengthofLaser>

  <!--<MeshShadingType>SHADING_FLAT</MeshShadingType>

  <EncodingMethod>ENCODE_AMPLITUDE</EncodingMethod>-->

</testMeshXML>